AttbisABBM3_FD_11254.6.198438.TGACCA.fastq.gz,AttbisABBM1_FD_11254.5.198435.CGATGT.fastq.gz
1.0,0.38984518843744753
0.38984518843744753,1.0
