AttbisABBM2_FD_11254.5.198435.TTAGGC.fastq.gz,AttcapACBM1_FD_11231.4.197613.ATGTCA.fastq.gz
1.0,0.07379301062001153
0.07379301062001153,1.0
