AttbisABBM1_FD_11254.5.198435.CGATGT.fastq.gz,FG3.fastq.gz
1.0,0.010700445307109563
0.010700445307109563,1.0
