AttbisABBM1_FD_11254.5.198435.CGATGT.fastq.gz,AttbisABBM2_FD_11254.5.198435.TTAGGC.fastq.gz
1.0,0.2030067377412803
0.2030067377412803,1.0
