AttbisABBM1_FD_11254.5.198435.CGATGT.fastq.gz,AttcapACBM2_FD_11231.4.197613.CCGTCC.fastq.gz
1.0,0.7270681509841063
0.7270681509841063,1.0
