AttbisABBM3_FD_11254.6.198438.TGACCA.fastq.gz,AttlaeALBM3_FD_11231.6.197619.GTGGCC.fastq.gz
1.0,0.004888387248508597
0.004888387248508597,1.0
