AttbisABBM2_FD_11254.5.198435.TTAGGC.fastq.gz,AttsexASBM2_FD_11231.7.197622.CGTACG.fastq.gz
1.0,0.2733890800264345
0.2733890800264345,1.0
