AttbisABBM2_FD_11254.5.198435.TTAGGC.fastq.gz,FG1.fastq.gz
1.0,0.006808884610456478
0.006808884610456478,1.0
