AttbisABBM1_FD_11254.5.198435.CGATGT.fastq.gz,AttlaeALBM3_FD_11231.6.197619.GTGGCC.fastq.gz
1.0,0.00733299482224925
0.00733299482224925,1.0
