AttbisABBM1_FD_11254.5.198435.CGATGT.fastq.gz,AttbisABBM1_FD_11254.5.198435.CGATGT.fastq.gz
1.0,0.9999999905136262
0.9999999905136262,1.0
