AttbisABBM2_FD_11254.5.198435.TTAGGC.fastq.gz,FG2.fastq.gz
1.0,0.057230125719402225
0.057230125719402225,1.0
