AttbisABBM3_FD_11254.6.198438.TGACCA.fastq.gz,AttcapACBM3_FD_11231.5.197616.GTAGAG.fastq.gz
1.0,0.2076040911770176
0.2076040911770176,1.0
