AttbisABBM2_FD_11254.5.198435.TTAGGC.fastq.gz,FG3.fastq.gz
1.0,0.04103722195325432
0.04103722195325432,1.0
