AttbisABBM3_FD_11254.6.198438.TGACCA.fastq.gz,AttbisABBM3_FD_11254.6.198438.TGACCA.fastq.gz
1.0,0.9999999865842415
0.9999999865842415,1.0
