AttbisABBM3_FD_11254.6.198438.TGACCA.fastq.gz,FG1.fastq.gz
1.0,0.0006575077783242955
0.0006575077783242955,1.0
