AttbisABBM3_FD_11254.6.198438.TGACCA.fastq.gz,AttcapACBM2_FD_11231.4.197613.CCGTCC.fastq.gz
1.0,0.3841042232760701
0.3841042232760701,1.0
