AttbisABBM1_FD_11254.5.198435.CGATGT.fastq.gz,AttcapACBM3_FD_11231.5.197616.GTAGAG.fastq.gz
1.0,0.3029197476766491
0.3029197476766491,1.0
