AttbisABBM2_FD_11254.5.198435.TTAGGC.fastq.gz,AttbisABBM3_FD_11254.6.198438.TGACCA.fastq.gz
1.0,0.09105516189571383
0.09105516189571383,1.0
