AttbisABBM1_FD_11254.5.198435.CGATGT.fastq.gz,FG1.fastq.gz
1.0,0.0017993549897812322
0.0017993549897812322,1.0
