AttcapACBM3_FD_11231.5.197616.GTAGAG.fastq.gz,AttsexASBM3_FD_11231.8.197625.GAGTGG.fastq.gz
1.0,0.004806271169940812
0.004806271169940812,1.0
