AttcapACBM1_FD_11231.4.197613.ATGTCA.fastq.gz,AttcapACBM2_FD_11231.4.197613.CCGTCC.fastq.gz
1.0,0.020225086630864975
0.020225086630864975,1.0
