AttcapACBM3_FD_11231.5.197616.GTAGAG.fastq.gz,FG1.fastq.gz
1.0,0.0007880842743872574
0.0007880842743872574,1.0
