AttcapACBM1_FD_11231.4.197613.ATGTCA.fastq.gz,AttbisABBM1_FD_11254.5.198435.CGATGT.fastq.gz
1.0,0.034553085668310834
0.034553085668310834,1.0
