AttcapACBM1_FD_11231.4.197613.ATGTCA.fastq.gz,AttcapACBM3_FD_11231.5.197616.GTAGAG.fastq.gz
1.0,0.045870198352265024
0.045870198352265024,1.0
