AttcapACBM1_FD_11231.4.197613.ATGTCA.fastq.gz,FG1.fastq.gz
1.0,0.0008413138159961697
0.0008413138159961697,1.0
