AttcapACBM3_FD_11231.5.197616.GTAGAG.fastq.gz,AttbisABBM2_FD_11254.5.198435.TTAGGC.fastq.gz
1.0,0.08433455135874535
0.08433455135874535,1.0
