AttcapACBM2_FD_11231.4.197613.CCGTCC.fastq.gz,AttbisABBM2_FD_11254.5.198435.TTAGGC.fastq.gz
1.0,0.11871594549330866
0.11871594549330866,1.0
