AttcapACBM2_FD_11231.4.197613.CCGTCC.fastq.gz,AttlaeALBM3_FD_11231.6.197619.GTGGCC.fastq.gz
1.0,0.0038808842389912446
0.0038808842389912446,1.0
