AttcapACBM1_FD_11231.4.197613.ATGTCA.fastq.gz,AttbisABBM3_FD_11254.6.198438.TGACCA.fastq.gz
1.0,0.026153185645052646
0.026153185645052646,1.0
