AttcapACBM3_FD_11231.5.197616.GTAGAG.fastq.gz,AttcapACBM2_FD_11231.4.197613.CCGTCC.fastq.gz
1.0,0.22884353434851568
0.22884353434851568,1.0
