AttcapACBM1_FD_11231.4.197613.ATGTCA.fastq.gz,FG2.fastq.gz
1.0,0.007064809705912611
0.007064809705912611,1.0
