AttcapACBM2_FD_11231.4.197613.CCGTCC.fastq.gz,AttsexASBM1_FD_11231.7.197622.GTTTCG.fastq.gz
1.0,0.036264850506679824
0.036264850506679824,1.0
