AttcapACBM3_FD_11231.5.197616.GTAGAG.fastq.gz,AttsexASBM2_FD_11231.7.197622.CGTACG.fastq.gz
1.0,0.0461607648591178
0.0461607648591178,1.0
