AttcapACBM1_FD_11231.4.197613.ATGTCA.fastq.gz,AttsexASBM1_FD_11231.7.197622.GTTTCG.fastq.gz
1.0,0.02432932805461796
0.02432932805461796,1.0
