AttcapACBM1_FD_11231.4.197613.ATGTCA.fastq.gz,AttlaeALBM3_FD_11231.6.197619.GTGGCC.fastq.gz
1.0,0.0032847601091634537
0.0032847601091634537,1.0
