AttcapACBM3_FD_11231.5.197616.GTAGAG.fastq.gz,FG3.fastq.gz
1.0,0.004617197874745682
0.004617197874745682,1.0
