AttcapACBM2_FD_11231.4.197613.CCGTCC.fastq.gz,AttsexASBM2_FD_11231.7.197622.CGTACG.fastq.gz
1.0,0.04670585684104578
0.04670585684104578,1.0
