AttcapACBM1_FD_11231.4.197613.ATGTCA.fastq.gz,AttcapACBM1_FD_11231.4.197613.ATGTCA.fastq.gz
1.0,0.9999999905136262
0.9999999905136262,1.0
