AttlaeALBM1_FD_11231.5.197616.GTCCGC.fastq.gz,AttcapACBM2_FD_11231.4.197613.CCGTCC.fastq.gz
1.0,0.07487294303552738
0.07487294303552738,1.0
