AttlaeALBM2_FD_11231.6.197619.GTGAAA.fastq.gz,AttbisABBM3_FD_11254.6.198438.TGACCA.fastq.gz
1.0,0.008844387062517445
0.008844387062517445,1.0
