AttlaeALBM1_FD_11231.5.197616.GTCCGC.fastq.gz,AttsexASBM3_FD_11231.8.197625.GAGTGG.fastq.gz
1.0,0.01823677882052288
0.01823677882052288,1.0
