AttlaeALBM2_FD_11231.6.197619.GTGAAA.fastq.gz,FG3.fastq.gz
1.0,0.024878484391172906
0.024878484391172906,1.0
