AttlaeALBM1_FD_11231.5.197616.GTCCGC.fastq.gz,FG2.fastq.gz
1.0,0.013890748329015268
0.013890748329015268,1.0
