AttlaeALBM3_FD_11231.6.197619.GTGGCC.fastq.gz,AttbisABBM2_FD_11254.5.198435.TTAGGC.fastq.gz
1.0,0.023739504224863373
0.023739504224863373,1.0
