AttlaeALBM3_FD_11231.6.197619.GTGGCC.fastq.gz,FG2.fastq.gz
1.0,0.033405332429233825
0.033405332429233825,1.0
