AttlaeALBM2_FD_11231.6.197619.GTGAAA.fastq.gz,AttsexASBM2_FD_11231.7.197622.CGTACG.fastq.gz
1.0,0.11891439022844752
0.11891439022844752,1.0
