AttlaeALBM1_FD_11231.5.197616.GTCCGC.fastq.gz,AttlaeALBM3_FD_11231.6.197619.GTGGCC.fastq.gz
1.0,0.41944918604909265
0.41944918604909265,1.0
