AttlaeALBM2_FD_11231.6.197619.GTGAAA.fastq.gz,AttbisABBM1_FD_11254.5.198435.CGATGT.fastq.gz
1.0,0.012724196376122876
0.012724196376122876,1.0
