AttlaeALBM2_FD_11231.6.197619.GTGAAA.fastq.gz,AttcapACBM1_FD_11231.4.197613.ATGTCA.fastq.gz
1.0,0.005368338048917232
0.005368338048917232,1.0
