AttlaeALBM1_FD_11231.5.197616.GTCCGC.fastq.gz,AttbisABBM3_FD_11254.6.198438.TGACCA.fastq.gz
1.0,0.04997964529209087
0.04997964529209087,1.0
