AttlaeALBM3_FD_11231.6.197619.GTGGCC.fastq.gz,AttsexASBM1_FD_11231.7.197622.GTTTCG.fastq.gz
1.0,0.03684485879722965
0.03684485879722965,1.0
