AttlaeALBM2_FD_11231.6.197619.GTGAAA.fastq.gz,FG2.fastq.gz
1.0,0.08629327481314808
0.08629327481314808,1.0
