AttlaeALBM1_FD_11231.5.197616.GTCCGC.fastq.gz,AttbisABBM2_FD_11254.5.198435.TTAGGC.fastq.gz
1.0,0.034561212384427775
0.034561212384427775,1.0
