AttlaeALBM2_FD_11231.6.197619.GTGAAA.fastq.gz,AttcapACBM2_FD_11231.4.197613.CCGTCC.fastq.gz
1.0,0.007953622711305286
0.007953622711305286,1.0
