AttlaeALBM1_FD_11231.5.197616.GTCCGC.fastq.gz,AttcapACBM1_FD_11231.4.197613.ATGTCA.fastq.gz
1.0,0.0060992317527615025
0.0060992317527615025,1.0
