AttlaeALBM2_FD_11231.6.197619.GTGAAA.fastq.gz,AttbisABBM2_FD_11254.5.198435.TTAGGC.fastq.gz
1.0,0.03871386420805778
0.03871386420805778,1.0
