AttlaeALBM3_FD_11231.6.197619.GTGGCC.fastq.gz,AttlaeALBM2_FD_11231.6.197619.GTGAAA.fastq.gz
1.0,0.2009736903041417
0.2009736903041417,1.0
