AttlaeALBM1_FD_11231.5.197616.GTCCGC.fastq.gz,AttcapACBM3_FD_11231.5.197616.GTAGAG.fastq.gz
1.0,0.03212978904166386
0.03212978904166386,1.0
