AttlaeALBM1_FD_11231.5.197616.GTCCGC.fastq.gz,AttlaeALBM2_FD_11231.6.197619.GTGAAA.fastq.gz
1.0,0.2579229909434819
0.2579229909434819,1.0
