AttlaeALBM1_FD_11231.5.197616.GTCCGC.fastq.gz,AttbisABBM1_FD_11254.5.198435.CGATGT.fastq.gz
1.0,0.0777095178974303
0.0777095178974303,1.0
