AttlaeALBM3_FD_11231.6.197619.GTGGCC.fastq.gz,AttcapACBM3_FD_11231.5.197616.GTAGAG.fastq.gz
1.0,0.003554472183500579
0.003554472183500579,1.0
