AttlaeALBM2_FD_11231.6.197619.GTGAAA.fastq.gz,AttcapACBM3_FD_11231.5.197616.GTAGAG.fastq.gz
1.0,0.007706065602341106
0.007706065602341106,1.0
