AttlaeALBM3_FD_11231.6.197619.GTGGCC.fastq.gz,FG3.fastq.gz
1.0,0.009671830188605401
0.009671830188605401,1.0
