AttsexASBM3_FD_11231.8.197625.GAGTGG.fastq.gz,FG1.fastq.gz
1.0,0.0001452422788553731
0.0001452422788553731,1.0
