AttsexASBM2_FD_11231.7.197622.CGTACG.fastq.gz,AttcapACBM1_FD_11231.4.197613.ATGTCA.fastq.gz
1.0,0.032573822176100165
0.032573822176100165,1.0
