AttsexASBM3_FD_11231.8.197625.GAGTGG.fastq.gz,AttlaeALBM2_FD_11231.6.197619.GTGAAA.fastq.gz
1.0,0.006441710562787417
0.006441710562787417,1.0
