AttsexASBM3_FD_11231.8.197625.GAGTGG.fastq.gz,AttlaeALBM3_FD_11231.6.197619.GTGGCC.fastq.gz
1.0,0.021568015047757516
0.021568015047757516,1.0
