AttsexASBM2_FD_11231.7.197622.CGTACG.fastq.gz,FG1.fastq.gz
1.0,0.007197271852750986
0.007197271852750986,1.0
