AttsexASBM2_FD_11231.7.197622.CGTACG.fastq.gz,AttsexASBM1_FD_11231.7.197622.GTTTCG.fastq.gz
1.0,0.5980931511581662
0.5980931511581662,1.0
