AttsexASBM1_FD_11231.7.197622.GTTTCG.fastq.gz,AttlaeALBM1_FD_11231.5.197616.GTCCGC.fastq.gz
1.0,0.04394011247537599
0.04394011247537599,1.0
