AttsexASBM3_FD_11231.8.197625.GAGTGG.fastq.gz,FG2.fastq.gz
1.0,0.0013126692146517849
0.0013126692146517849,1.0
