AttsexASBM2_FD_11231.7.197622.CGTACG.fastq.gz,FG3.fastq.gz
1.0,0.03951043821117595
0.03951043821117595,1.0
