AttsexASBM2_FD_11231.7.197622.CGTACG.fastq.gz,AttlaeALBM3_FD_11231.6.197619.GTGGCC.fastq.gz
1.0,0.04963413564954278
0.04963413564954278,1.0
