AttsexASBM2_FD_11231.7.197622.CGTACG.fastq.gz,AttbisABBM3_FD_11254.6.198438.TGACCA.fastq.gz
1.0,0.039797257978501976
0.039797257978501976,1.0
