AttsexASBM3_FD_11231.8.197625.GAGTGG.fastq.gz,AttcapACBM2_FD_11231.4.197613.CCGTCC.fastq.gz
1.0,0.004008595565422546
0.004008595565422546,1.0
