AttsexASBM3_FD_11231.8.197625.GAGTGG.fastq.gz,AttbisABBM2_FD_11254.5.198435.TTAGGC.fastq.gz
1.0,0.015303201984742554
0.015303201984742554,1.0
