AttsexASBM3_FD_11231.8.197625.GAGTGG.fastq.gz,AttbisABBM3_FD_11254.6.198438.TGACCA.fastq.gz
1.0,0.007527784877803145
0.007527784877803145,1.0
