AttsexASBM2_FD_11231.7.197622.CGTACG.fastq.gz,AttlaeALBM1_FD_11231.5.197616.GTCCGC.fastq.gz
1.0,0.05293649699637537
0.05293649699637537,1.0
