AttsexASBM2_FD_11231.7.197622.CGTACG.fastq.gz,AttbisABBM1_FD_11254.5.198435.CGATGT.fastq.gz
1.0,0.0791633989504048
0.0791633989504048,1.0
