AttsexASBM3_FD_11231.8.197625.GAGTGG.fastq.gz,AttbisABBM1_FD_11254.5.198435.CGATGT.fastq.gz
1.0,0.007232444935820426
0.007232444935820426,1.0
