AttsexASBM3_FD_11231.8.197625.GAGTGG.fastq.gz,AttsexASBM2_FD_11231.7.197622.CGTACG.fastq.gz
1.0,0.4272465368330659
0.4272465368330659,1.0
