AttsexASBM1_FD_11231.7.197622.GTTTCG.fastq.gz,AttbisABBM3_FD_11254.6.198438.TGACCA.fastq.gz
1.0,0.029298005497576773
0.029298005497576773,1.0
