AttsexASBM1_FD_11231.7.197622.GTTTCG.fastq.gz,AttlaeALBM2_FD_11231.6.197619.GTGAAA.fastq.gz
1.0,0.027441105881113703
0.027441105881113703,1.0
