AttsexASBM1_FD_11231.7.197622.GTTTCG.fastq.gz,AttbisABBM2_FD_11254.5.198435.TTAGGC.fastq.gz
1.0,0.22667128523342828
0.22667128523342828,1.0
