AttsexASBM3_FD_11231.8.197625.GAGTGG.fastq.gz,AttcapACBM1_FD_11231.4.197613.ATGTCA.fastq.gz
1.0,0.005733212155964673
0.005733212155964673,1.0
