AttsexASBM3_FD_11231.8.197625.GAGTGG.fastq.gz,AttsexASBM1_FD_11231.7.197622.GTTTCG.fastq.gz
1.0,0.42542899803304657
0.42542899803304657,1.0
