AttsexASBM1_FD_11231.7.197622.GTTTCG.fastq.gz,FG3.fastq.gz
1.0,0.018332673779829278
0.018332673779829278,1.0
