AttsexASBM1_FD_11231.7.197622.GTTTCG.fastq.gz,AttcapACBM3_FD_11231.5.197616.GTAGAG.fastq.gz
1.0,0.031482395666625584
0.031482395666625584,1.0
