AttsexASBM1_FD_11231.7.197622.GTTTCG.fastq.gz,AttbisABBM1_FD_11254.5.198435.CGATGT.fastq.gz
1.0,0.06654457183919993
0.06654457183919993,1.0
