FG1.fastq.gz,AttcapACBM2_FD_11231.4.197613.CCGTCC.fastq.gz
1.0,0.0009850620517372066
0.0009850620517372066,1.0
