FG1.fastq.gz,FG2.fastq.gz
1.0,0.06564970201031206
0.06564970201031206,1.0
