FG1.fastq.gz,AttlaeALBM1_FD_11231.5.197616.GTCCGC.fastq.gz
1.0,0.001454363465678843
0.001454363465678843,1.0
