FG1.fastq.gz,AttlaeALBM3_FD_11231.6.197619.GTGGCC.fastq.gz
1.0,0.00342829820548618
0.00342829820548618,1.0
