FG1.fastq.gz,AttlaeALBM2_FD_11231.6.197619.GTGAAA.fastq.gz
1.0,0.008861393515317229
0.008861393515317229,1.0
