FG2.fastq.gz,AttbisABBM1_FD_11254.5.198435.CGATGT.fastq.gz
1.0,0.014700754472855015
0.014700754472855015,1.0
