FG2.fastq.gz,AttcapACBM2_FD_11231.4.197613.CCGTCC.fastq.gz
1.0,0.008178008114941737
0.008178008114941737,1.0
