FG2.fastq.gz,AttsexASBM2_FD_11231.7.197622.CGTACG.fastq.gz
1.0,0.060663027519781254
0.060663027519781254,1.0
