FG2.fastq.gz,AttsexASBM1_FD_11231.7.197622.GTTTCG.fastq.gz
1.0,0.028404401005928337
0.028404401005928337,1.0
