FG2.fastq.gz,FG3.fastq.gz
1.0,0.3248009430929658
0.3248009430929658,1.0
