FG2.fastq.gz,AttcapACBM3_FD_11231.5.197616.GTAGAG.fastq.gz
1.0,0.006585460810635713
0.006585460810635713,1.0
