FG2.fastq.gz,AttbisABBM3_FD_11254.6.198438.TGACCA.fastq.gz
1.0,0.005187993001293578
0.005187993001293578,1.0
