FG3.fastq.gz,AttbisABBM3_FD_11254.6.198438.TGACCA.fastq.gz
1.0,0.00374018442966062
0.00374018442966062,1.0
