FG3.fastq.gz,AttcapACBM1_FD_11231.4.197613.ATGTCA.fastq.gz
1.0,0.0050048889441298705
0.0050048889441298705,1.0
