FG3.fastq.gz,AttcapACBM2_FD_11231.4.197613.CCGTCC.fastq.gz
1.0,0.005879898589929211
0.005879898589929211,1.0
