FG3.fastq.gz,AttsexASBM3_FD_11231.8.197625.GAGTGG.fastq.gz
1.0,0.00043826233931576475
0.00043826233931576475,1.0
