FG3.fastq.gz,FG1.fastq.gz
1.0,0.05667181458630022
0.05667181458630022,1.0
