FG3.fastq.gz,AttlaeALBM1_FD_11231.5.197616.GTCCGC.fastq.gz
1.0,0.0040087666885639806
0.0040087666885639806,1.0
