intersect_bp,f_orig_query,f_match,f_unique_to_query,f_unique_weighted,average_abund,median_abund,std_abund,name,filename,md5,f_match_orig,unique_intersect_bp,gather_result_rank,remaining_bp,query_filename,query_name,query_md5,query_bp
57000,0.004645855407938707,0.00017482463861906937,0.004645855407938707,0.004645855407938707,,,,GCA_019149425.1_CENIBiot_Cas_1.0_genomic.fna.gz,db/sourmash/genbank-2022.08-plant-k31.sbt.zip,57dd331d4ea20e1a21e8127f108ff69e,0.00017482463861906937,57000,0,157000,FG1.trinity_out.Trinity.fna,"TRINITY_DN3774_c0_g1_i1 len=1176 path=[2739:0-629 2740:630-653 2741:654-690 2742:691-713 @2748@!:714-925 2737:926-946 2746:947-1039 2744:1040-1063 2735:1064-1175] [-1, 2739, 2740, 2741, 2742, 2748, 2737, 2746, 2744, 2735, -2]",ae0535ec,12269000
55000,0.004482842937484717,3.310232325345522e-05,0.0040753117613497435,0.0040753117613497435,,,,GCA_000347455.1_ASM34745v1_genomic.fna.gz,db/sourmash/genbank-2022.08-plant-k31.sbt.zip,383cae64eeb6253e86e6b31637ae0746,3.641255557880074e-05,50000,1,107000,FG1.trinity_out.Trinity.fna,"TRINITY_DN3774_c0_g1_i1 len=1176 path=[2739:0-629 2740:630-653 2741:654-690 2742:691-713 @2748@!:714-925 2737:926-946 2746:947-1039 2744:1040-1063 2735:1064-1175] [-1, 2739, 2740, 2741, 2742, 2748, 2737, 2746, 2744, 2735, -2]",ae0535ec,12269000
45000,0.003667780585214769,1.6715807546054747e-05,0.002526693292036841,0.002526693292036841,,,,GCA_910594505.1_hordeum_vulgare_accession_hor_337_contigs_genomic.fna.gz,db/sourmash/genbank-2022.08-plant-k31.sbt.zip,84cf0563c97674146150abf4f478ae67,2.4264881921692373e-05,31000,2,76000,FG1.trinity_out.Trinity.fna,"TRINITY_DN3774_c0_g1_i1 len=1176 path=[2739:0-629 2740:630-653 2741:654-690 2742:691-713 @2748@!:714-925 2737:926-946 2746:947-1039 2744:1040-1063 2735:1064-1175] [-1, 2739, 2740, 2741, 2742, 2748, 2737, 2746, 2744, 2735, -2]",ae0535ec,12269000
42000,0.0034232618795337843,2.4289324720338786e-06,0.0009780748227239385,0.0009780748227239385,,,,GCA_014338645.1_ASM1433864v1_genomic.fna.gz,db/sourmash/genbank-2022.08-plant-k31.sbt.zip,b404ebeeb8c725b1bf7e86a81b3eeac0,8.501263652118575e-06,12000,3,64000,FG1.trinity_out.Trinity.fna,"TRINITY_DN3774_c0_g1_i1 len=1176 path=[2739:0-629 2740:630-653 2741:654-690 2742:691-713 @2748@!:714-925 2737:926-946 2746:947-1039 2744:1040-1063 2735:1064-1175] [-1, 2739, 2740, 2741, 2742, 2748, 2737, 2746, 2744, 2735, -2]",ae0535ec,12269000
