intersect_bp,f_orig_query,f_match,f_unique_to_query,f_unique_weighted,average_abund,median_abund,std_abund,name,filename,md5,f_match_orig,unique_intersect_bp,gather_result_rank,remaining_bp,query_filename,query_name,query_md5,query_bp
13000,0.0005958929226255959,0.03110047846889952,0.0005958929226255959,0.0005958929226255959,,,,"GCA_001857805.1 uncultured human fecal virus, ASM185780v1",/home/gotting/projects/fungal_associations_metagenomics/db/sourmash/genbank-2022.03-viral-k31.zip,6d148185545481a0af8705f33ddaae4d,0.03110047846889952,13000,0,0,FG2.trinity_out.Trinity.fna,"TRINITY_DN3774_c0_g1_i1 len=2106 path=[4572:0-710 4573:711-735 @4602@!:736-1088 4604:1089-1156 4606:1157-1176 4595:1177-1430 4583:1431-1454 4598:1455-1553 4594:1554-1577 4569:1578-1632 4570:1633-1656 4597:1657-1805 4576:1806-1821 4577:1822-2105] [-1, 4572, 4573, 4602, 4604, 4606, 4595, 4583, 4598, 4594, 4569, 4570, 4597, 4576, 4577, -2]",0bd8ce69,21816000
