intersect_bp,f_orig_query,f_match,f_unique_to_query,f_unique_weighted,average_abund,median_abund,std_abund,name,filename,md5,f_match_orig,unique_intersect_bp,gather_result_rank,remaining_bp,query_filename,query_name,query_md5,query_bp
64000,0.0003953399305684247,0.3575418994413408,0.0003953399305684247,0.0010154785816153577,6.375,2.0,12.411562149866551,"GCA_002956935.1 Campylobacter phage A18a, ASM295693v1",/home/gotting/projects/fungal_associations_metagenomics/db/sourmash/genbank-2022.03-viral-k31.zip,4d6e8acadae4735629d80bae0a69ee36,0.3575418994413408,64000,0,18000,reverse/11478.2.TCAG.2009_10_16_21_47_09.F36MELC02.fastq.gz.abundtrim,11478.1.TCAG.2009_10_16_21_47_09.F36MELC01,4118609a,161886000
15000,9.265779622697453e-05,0.03588516746411483,9.265779622697453e-05,0.0020857133612589944,55.86666666666667,8.0,91.95786474733355,"GCA_001857805.1 uncultured human fecal virus, ASM185780v1",/home/gotting/projects/fungal_associations_metagenomics/db/sourmash/genbank-2022.03-viral-k31.zip,6d148185545481a0af8705f33ddaae4d,0.03588516746411483,15000,1,3000,reverse/11478.2.TCAG.2009_10_16_21_47_09.F36MELC02.fastq.gz.abundtrim,11478.1.TCAG.2009_10_16_21_47_09.F36MELC01,4118609a,161886000
