intersect_bp,f_orig_query,f_match,f_unique_to_query,f_unique_weighted,average_abund,median_abund,std_abund,name,filename,md5,f_match_orig,unique_intersect_bp,gather_result_rank,remaining_bp,query_filename,query_name,query_md5,query_bp
44000,0.0003357138497222731,0.24581005586592178,0.0003357138497222731,0.0008003018281180331,6.363636363636363,1.0,12.887786517564376,"GCA_002956935.1 Campylobacter phage A18a, ASM295693v1",/home/gotting/projects/fungal_associations_metagenomics/db/sourmash/genbank-2022.03-viral-k31.zip,4d6e8acadae4735629d80bae0a69ee36,0.24581005586592178,44000,0,15000,reverse/11475.2.TCAG.2009_10_14_07_47_07.F31SS7V02.fastq.gz.abundtrim,11475.1.TCAG.2009_10_14_07_47_07.F31SS7V01,0d35be03,131064000
15000,0.00011444790331441128,0.03588516746411483,0.00011444790331441128,0.002672436461751289,62.333333333333336,6.0,114.35597443460874,"GCA_001857805.1 uncultured human fecal virus, ASM185780v1",/home/gotting/projects/fungal_associations_metagenomics/db/sourmash/genbank-2022.03-viral-k31.zip,6d148185545481a0af8705f33ddaae4d,0.03588516746411483,15000,1,0,reverse/11475.2.TCAG.2009_10_14_07_47_07.F31SS7V02.fastq.gz.abundtrim,11475.1.TCAG.2009_10_14_07_47_07.F31SS7V01,0d35be03,131064000
