intersect_bp,f_orig_query,f_match,f_unique_to_query,f_unique_weighted,average_abund,median_abund,std_abund,name,filename,md5,f_match_orig,unique_intersect_bp,gather_result_rank,remaining_bp,query_filename,query_name,query_md5,query_bp
12000,7.105300554213443e-05,0.0670391061452514,7.105300554213443e-05,0.0002718329786878488,10.166666666666666,8.0,10.486764144492916,"GCA_002956935.1 Campylobacter phage A18a, ASM295693v1",/home/gotting/projects/fungal_associations_metagenomics/db/sourmash/genbank-2022.03-viral-k31.zip,4d6e8acadae4735629d80bae0a69ee36,0.0670391061452514,12000,0,21000,reverse/11465.2.TCAG.2009_10_03_02_06_45.F3GY48O02.fastq.gz.abundtrim,11465.1.TCAG.2009_10_03_02_06_45.F3GY48O01,82323ec2,168888000
11000,6.513192174695656e-05,0.02631578947368421,6.513192174695656e-05,0.0017201234389099943,70.18181818181819,51.0,68.6887819103715,"GCA_001857805.1 uncultured human fecal virus, ASM185780v1",/home/gotting/projects/fungal_associations_metagenomics/db/sourmash/genbank-2022.03-viral-k31.zip,6d148185545481a0af8705f33ddaae4d,0.02631578947368421,11000,1,10000,reverse/11465.2.TCAG.2009_10_03_02_06_45.F3GY48O02.fastq.gz.abundtrim,11465.1.TCAG.2009_10_03_02_06_45.F3GY48O01,82323ec2,168888000
10000,5.9210837951778695e-05,0.22727272727272727,5.9210837951778695e-05,8.46692884437562e-05,3.8,4.0,1.7204650534085253,"GCA_000902735.1 Enterobacterial phage mEp213, ViralProj183152",/home/gotting/projects/fungal_associations_metagenomics/db/sourmash/genbank-2022.03-viral-k31.zip,51826f1b64302e7d4604a6d2516911bb,0.22727272727272727,10000,2,0,reverse/11465.2.TCAG.2009_10_03_02_06_45.F3GY48O02.fastq.gz.abundtrim,11465.1.TCAG.2009_10_03_02_06_45.F3GY48O01,82323ec2,168888000
