intersect_bp,f_orig_query,f_match,f_unique_to_query,f_unique_weighted,average_abund,median_abund,std_abund,name,filename,md5,f_match_orig,unique_intersect_bp,gather_result_rank,remaining_bp,query_filename,query_name,query_md5,query_bp
15000,0.00010682695457717891,0.08379888268156424,0.00010682695457717891,0.00038148691055699704,9.733333333333333,8.0,8.322392818307858,"GCA_002956935.1 Campylobacter phage A18a, ASM295693v1",/home/gotting/projects/fungal_associations_metagenomics/db/sourmash/genbank-2022.03-viral-k31.zip,4d6e8acadae4735629d80bae0a69ee36,0.08379888268156424,15000,0,14000,reverse/11489.2.TCAG.2009_10_21_06_46_59.F4EQGSL02.fastq.gz.abundtrim,11489.1.TCAG.2009_10_21_06_46_59.F4EQGSL01,b40d8125,140414000
14000,9.970515760536698e-05,0.03349282296650718,9.970515760536698e-05,0.002166114033231168,59.214285714285715,16.0,90.34551026193718,"GCA_001857805.1 uncultured human fecal virus, ASM185780v1",/home/gotting/projects/fungal_associations_metagenomics/db/sourmash/genbank-2022.03-viral-k31.zip,6d148185545481a0af8705f33ddaae4d,0.03349282296650718,14000,1,0,reverse/11489.2.TCAG.2009_10_21_06_46_59.F4EQGSL02.fastq.gz.abundtrim,11489.1.TCAG.2009_10_21_06_46_59.F4EQGSL01,b40d8125,140414000
