intersect_bp,f_orig_query,f_match,f_unique_to_query,f_unique_weighted,average_abund,median_abund,std_abund,name,filename,md5,f_match_orig,unique_intersect_bp,gather_result_rank,remaining_bp,query_filename,query_name,query_md5,query_bp
31000,0.0007074072383734197,0.000559971098265896,0.0007074072383734197,0.00020999554295174144,11.064516129032258,1.0,51.322469130675046,"GCA_900092245.1 Acytostelium leptosomum, ASM90009224v1",/home/gotting/projects/fungal_associations_metagenomics/db/sourmash/genbank-2022.03-protozoa-k31.zip,3e2ce51a8fb67a45fbb75ad2dcb7cff9,0.000559971098265896,31000,0,100000,FG3.fastq.gz,,fe45ed7a,43822000
25000,0.0005704897083656611,5.092664349135354e-05,0.0005248505316964082,0.003613392695338711,256.60869565217394,2.0,652.7411591082264,"GCA_000978595.1 Saccharina japonica cultivar=Ja, SJ6.1",/home/gotting/projects/fungal_associations_metagenomics/db/sourmash/genbank-2022.03-protozoa-k31.zip,9bc7ae87067e441ebe0ae6880429bd0a,5.535504727321037e-05,23000,1,77000,FG3.fastq.gz,,fe45ed7a,43822000
14000,0.0003194742366847702,4.2296304841004344e-05,0.0002510154716808909,4.408069706275622e-05,6.545454545454546,2.0,7.655819371428108,"GCA_003640625.1 Plasmopara obducens strain=PA1-1, ASM364062v1",/home/gotting/projects/fungal_associations_metagenomics/db/sourmash/genbank-2022.03-protozoa-k31.zip,9c3e6b6322f38622fb32c9b943118532,5.38316607067328e-05,11000,2,66000,FG3.fastq.gz,,fe45ed7a,43822000
18000,0.00041075259002327596,0.00036556995679627784,0.0002510154716808909,7.959014747442096e-06,1.1818181818181819,1.0,0.5749595745760689,"GCA_000004695.1 Dictyostelium discoideum AX4 strain=AX4, dicty_2.7",/home/gotting/projects/fungal_associations_metagenomics/db/sourmash/genbank-2022.03-protozoa-k31.zip,30cc1135c029092008016d4bab47b41d,0.0005982053838484546,11000,3,55000,FG3.fastq.gz,,fe45ed7a,43822000
13000,0.00029665464835014374,0.00016267568974492452,0.00022819588334626443,2.26525804350275e-05,3.7,1.0,8.1,"GCA_000252605.1 Pseudoperonospora cubensis, ASM25260v1",/home/gotting/projects/fungal_associations_metagenomics/db/sourmash/genbank-2022.03-protozoa-k31.zip,dfc0f3aeb81135e5b79bb7dde23e4ff0,0.00021147839666840187,10000,4,45000,FG3.fastq.gz,,fe45ed7a,43822000
