AttbisABBM3_FD_11254.6.198438.TGACCA.fastq.gz,APTF_contig00515
1.0,0.0017281833892576267
0.0017281833892576267,1.0
