AttbisABBM3_FD_11254.6.198438.TGACCA.fastq.gz,ACOFG987_contig02605
1.0,0.003202575878231211
0.003202575878231211,1.0
