AttbisABBM2_FD_11254.5.198435.TTAGGC.fastq.gz,Ga0133256_100001
1.0,0.00228310502283105
0.00228310502283105,1.0
