AttbisABBM1_FD_11254.5.198435.CGATGT.fastq.gz,ACEF_contig00001
1.0,0.003190624720745869
0.003190624720745869,1.0
