AttbisABBM3_FD_11254.6.198438.TGACCA.fastq.gz,CLOF_contig00001
1.0,0.002389254219214075
0.002389254219214075,1.0
