AttbisABBM2_FD_11254.5.198435.TTAGGC.fastq.gz,ACOFG988_contig00521
1.0,0.00227851195861779
0.00227851195861779,1.0
