AttbisABBM2_FD_11254.5.198435.TTAGGC.fastq.gz,ACOFG987_contig02605
1.0,0.0025470781932619645
0.0025470781932619645,1.0
