AttbisABBM3_FD_11254.6.198438.TGACCA.fastq.gz,ACOFG988_contig00521
1.0,0.002929060856609702
0.002929060856609702,1.0
