AttbisABBM1_FD_11254.5.198435.CGATGT.fastq.gz,ACOFG988_contig00521
1.0,0.0024474902100391598
0.0024474902100391598,1.0
