AttbisABBM2_FD_11254.5.198435.TTAGGC.fastq.gz,ACEF_contig00001
1.0,0.002508330448013742
0.002508330448013742,1.0
