AttbisABBM2_FD_11254.5.198435.TTAGGC.fastq.gz,APTF_contig00515
1.0,0.0014579380622615989
0.0014579380622615989,1.0
