AttbisABBM1_FD_11254.5.198435.CGATGT.fastq.gz,CLOF_contig00001
1.0,0.002858173885230171
0.002858173885230171,1.0
