AttbisABBM1_FD_11254.5.198435.CGATGT.fastq.gz,Ga0133256_100001
1.0,0.0036819636349636246
0.0036819636349636246,1.0
