AttbisABBM3_FD_11254.6.198438.TGACCA.fastq.gz,ACEF_contig00001
1.0,0.003533943730212352
0.003533943730212352,1.0
