AttbisABBM2_FD_11254.5.198435.TTAGGC.fastq.gz,CLOF_contig00001
1.0,0.0017816733394087712
0.0017816733394087712,1.0
