AttbisABBM3_FD_11254.6.198438.TGACCA.fastq.gz,Ga0133256_100001
1.0,0.002009772016231706
0.002009772016231706,1.0
