AttbisABBM1_FD_11254.5.198435.CGATGT.fastq.gz,ACOFG987_contig02605
1.0,0.002539283224051674
0.002539283224051674,1.0
