AttbisABBM1_FD_11254.5.198435.CGATGT.fastq.gz,APTF_contig00515
1.0,0.002678354624908128
0.002678354624908128,1.0
