AttcapACBM2_FD_11231.4.197613.CCGTCC.fastq.gz,ACOFG988_contig00521
1.0,0.0016368256955924905
0.0016368256955924905,1.0
