AttcapACBM3_FD_11231.5.197616.GTAGAG.fastq.gz,Ga0133256_100001
1.0,0.002962788126486829
0.002962788126486829,1.0
