AttcapACBM2_FD_11231.4.197613.CCGTCC.fastq.gz,CLOF_contig00001
1.0,0.0028026814466524217
0.0028026814466524217,1.0
