AttcapACBM3_FD_11231.5.197616.GTAGAG.fastq.gz,CLOF_contig00001
1.0,0.0024947538803064767
0.0024947538803064767,1.0
