AttcapACBM2_FD_11231.4.197613.CCGTCC.fastq.gz,Ga0133256_100001
1.0,0.0016027488548781207
0.0016027488548781207,1.0
