AttcapACBM3_FD_11231.5.197616.GTAGAG.fastq.gz,ACOFG988_contig00521
1.0,0.0016433465426077226
0.0016433465426077226,1.0
