AttcapACBM2_FD_11231.4.197613.CCGTCC.fastq.gz,APTF_contig00515
1.0,0.001181614266875362
0.001181614266875362,1.0
