AttcapACBM2_FD_11231.4.197613.CCGTCC.fastq.gz,ACOFG987_contig02605
1.0,0.0017326286848186013
0.0017326286848186013,1.0
