AttcapACBM3_FD_11231.5.197616.GTAGAG.fastq.gz,APTF_contig00515
1.0,0.0021783730639303826
0.0021783730639303826,1.0
