AttcapACBM1_FD_11231.4.197613.ATGTCA.fastq.gz,Ga0133256_100001
1.0,0.0013436354937502327
0.0013436354937502327,1.0
