AttcapACBM2_FD_11231.4.197613.CCGTCC.fastq.gz,ACEF_contig00001
1.0,0.002439471075760959
0.002439471075760959,1.0
