AttcapACBM1_FD_11231.4.197613.ATGTCA.fastq.gz,APTF_contig00515
1.0,0.0005655679624168171
0.0005655679624168171,1.0
