AttcapACBM3_FD_11231.5.197616.GTAGAG.fastq.gz,ACEF_contig00001
1.0,0.0027086454337564153
0.0027086454337564153,1.0
