AttcapACBM1_FD_11231.4.197613.ATGTCA.fastq.gz,CLOF_contig00001
1.0,0.0014358561606759132
0.0014358561606759132,1.0
