AttcapACBM1_FD_11231.4.197613.ATGTCA.fastq.gz,ACEF_contig00001
1.0,0.002126781466881414
0.002126781466881414,1.0
