AttcapACBM1_FD_11231.4.197613.ATGTCA.fastq.gz,ACOFG987_contig02605
1.0,0.0006651899090149997
0.0006651899090149997,1.0
