AttcapACBM1_FD_11231.4.197613.ATGTCA.fastq.gz,ACOFG988_contig00521
1.0,0.000598546105104256
0.000598546105104256,1.0
