AttcapACBM3_FD_11231.5.197616.GTAGAG.fastq.gz,ACOFG987_contig02605
1.0,0.0017604174984143437
0.0017604174984143437,1.0
