AttlaeALBM1_FD_11231.5.197616.GTCCGC.fastq.gz,Ga0133256_100001
1.0,0.0013470519191868741
0.0013470519191868741,1.0
