AttlaeALBM1_FD_11231.5.197616.GTCCGC.fastq.gz,ACEF_contig00001
1.0,0.001421061512132162
0.001421061512132162,1.0
