AttlaeALBM2_FD_11231.6.197619.GTGAAA.fastq.gz,APTF_contig00515
1.0,0.005803493570032035
0.005803493570032035,1.0
