AttlaeALBM3_FD_11231.6.197619.GTGGCC.fastq.gz,ACEF_contig00001
1.0,0.000436989631015747
0.000436989631015747,1.0
