AttlaeALBM1_FD_11231.5.197616.GTCCGC.fastq.gz,CLOF_contig00001
1.0,0.003282049962833089
0.003282049962833089,1.0
