AttlaeALBM2_FD_11231.6.197619.GTGAAA.fastq.gz,ACEF_contig00001
1.0,0.002415719636848454
0.002415719636848454,1.0
