AttlaeALBM2_FD_11231.6.197619.GTGAAA.fastq.gz,ACOFG988_contig00521
1.0,0.0036904582788406266
0.0036904582788406266,1.0
