AttlaeALBM3_FD_11231.6.197619.GTGGCC.fastq.gz,Ga0133256_100001
1.0,0.0005893169925189482
0.0005893169925189482,1.0
