AttlaeALBM1_FD_11231.5.197616.GTCCGC.fastq.gz,ACOFG988_contig00521
1.0,0.0018552935471762755
0.0018552935471762755,1.0
