AttlaeALBM3_FD_11231.6.197619.GTGGCC.fastq.gz,CLOF_contig00001
1.0,0.0005191482590532034
0.0005191482590532034,1.0
