AttlaeALBM2_FD_11231.6.197619.GTGAAA.fastq.gz,Ga0133256_100001
1.0,0.0033620038518460712
0.0033620038518460712,1.0
