AttlaeALBM3_FD_11231.6.197619.GTGGCC.fastq.gz,APTF_contig00515
1.0,0.0004212076035280455
0.0004212076035280455,1.0
