AttlaeALBM3_FD_11231.6.197619.GTGGCC.fastq.gz,ACOFG987_contig02605
1.0,0.0004000856820664248
0.0004000856820664248,1.0
