AttlaeALBM1_FD_11231.5.197616.GTCCGC.fastq.gz,APTF_contig00515
1.0,0.0018226886362824827
0.0018226886362824827,1.0
