AttlaeALBM3_FD_11231.6.197619.GTGGCC.fastq.gz,ACOFG988_contig00521
1.0,0.0005143711923605626
0.0005143711923605626,1.0
