AttlaeALBM2_FD_11231.6.197619.GTGAAA.fastq.gz,CLOF_contig00001
1.0,0.004754108441328844
0.004754108441328844,1.0
