AttlaeALBM1_FD_11231.5.197616.GTCCGC.fastq.gz,ACOFG987_contig02605
1.0,0.0019523074612653893
0.0019523074612653893,1.0
