AttlaeALBM2_FD_11231.6.197619.GTGAAA.fastq.gz,ACOFG987_contig02605
1.0,0.003470973091955635
0.003470973091955635,1.0
