AttsexASBM1_FD_11231.7.197622.GTTTCG.fastq.gz,ACOFG987_contig02605
1.0,0.0049878165421752595
0.0049878165421752595,1.0
