AttsexASBM3_FD_11231.8.197625.GAGTGG.fastq.gz,ACOFG988_contig00521
1.0,0.001607062858133154
0.001607062858133154,1.0
