AttsexASBM2_FD_11231.7.197622.CGTACG.fastq.gz,ACOFG987_contig02605
1.0,0.0020825428982143876
0.0020825428982143876,1.0
