AttsexASBM3_FD_11231.8.197625.GAGTGG.fastq.gz,CLOF_contig00001
1.0,0.0017078194433060962
0.0017078194433060962,1.0
