AttsexASBM2_FD_11231.7.197622.CGTACG.fastq.gz,CLOF_contig00001
1.0,0.0022374030473500646
0.0022374030473500646,1.0
