AttsexASBM2_FD_11231.7.197622.CGTACG.fastq.gz,ACEF_contig00001
1.0,0.002541707040024968
0.002541707040024968,1.0
