AttsexASBM2_FD_11231.7.197622.CGTACG.fastq.gz,APTF_contig00515
1.0,0.0011761065781849714
0.0011761065781849714,1.0
