AttsexASBM1_FD_11231.7.197622.GTTTCG.fastq.gz,APTF_contig00515
1.0,0.004141680312840917
0.004141680312840917,1.0
