AttsexASBM1_FD_11231.7.197622.GTTTCG.fastq.gz,ACEF_contig00001
1.0,0.005623261456396519
0.005623261456396519,1.0
