AttsexASBM3_FD_11231.8.197625.GAGTGG.fastq.gz,Ga0133256_100001
1.0,0.001285230860171339
0.001285230860171339,1.0
