AttsexASBM3_FD_11231.8.197625.GAGTGG.fastq.gz,ACEF_contig00001
1.0,0.00175928908727337
0.00175928908727337,1.0
