AttsexASBM1_FD_11231.7.197622.GTTTCG.fastq.gz,ACOFG988_contig00521
1.0,0.0054124166055102285
0.0054124166055102285,1.0
