AttsexASBM2_FD_11231.7.197622.CGTACG.fastq.gz,Ga0133256_100001
1.0,0.0016353425343906618
0.0016353425343906618,1.0
