AttsexASBM1_FD_11231.7.197622.GTTTCG.fastq.gz,CLOF_contig00001
1.0,0.006347603357036784
0.006347603357036784,1.0
