AttsexASBM1_FD_11231.7.197622.GTTTCG.fastq.gz,Ga0133256_100001
1.0,0.005518884850911314
0.005518884850911314,1.0
