AttsexASBM3_FD_11231.8.197625.GAGTGG.fastq.gz,APTF_contig00515
1.0,0.001177077644087747
0.001177077644087747,1.0
