AttsexASBM2_FD_11231.7.197622.CGTACG.fastq.gz,ACOFG988_contig00521
1.0,0.001864904100515835
0.001864904100515835,1.0
