AttsexASBM3_FD_11231.8.197625.GAGTGG.fastq.gz,ACOFG987_contig02605
1.0,0.001487897253044535
0.001487897253044535,1.0
