FG1.fastq.gz,CLOF_contig00001
1.0,0.0014155446554959344
0.0014155446554959344,1.0
