FG1.fastq.gz,ACOFG988_contig00521
1.0,0.0029128408458542017
0.0029128408458542017,1.0
