FG1.fastq.gz,APTF_contig00515
1.0,0.001129401571879448
0.001129401571879448,1.0
