FG1.fastq.gz,ACOFG987_contig02605
1.0,0.002469985470673702
0.002469985470673702,1.0
