FG1.fastq.gz,ACEF_contig00001
1.0,0.013378755840969014
0.013378755840969014,1.0
