FG2.fastq.gz,ACEF_contig00001
1.0,0.011176525086119042
0.011176525086119042,1.0
