FG2.fastq.gz,ACOFG987_contig02605
1.0,0.0011020014885674558
0.0011020014885674558,1.0
