FG2.fastq.gz,CLOF_contig00001
1.0,0.0007623159769231708
0.0007623159769231708,1.0
