FG2.fastq.gz,ACOFG988_contig00521
1.0,0.0011740292047697316
0.0011740292047697316,1.0
