FG2.fastq.gz,APTF_contig00515
1.0,0.0005648072667986491
0.0005648072667986491,1.0
