FG3.fastq.gz,ACOFG988_contig00521
1.0,0.0010750701315281113
0.0010750701315281113,1.0
