FG3.fastq.gz,APTF_contig00515
1.0,0.00038284264416652903
0.00038284264416652903,1.0
