FG3.fastq.gz,ACOFG987_contig02605
1.0,0.0008381110608409295
0.0008381110608409295,1.0
