FG3.fastq.gz,CLOF_contig00001
1.0,0.00033470135872813484
0.00033470135872813484,1.0
