FG3.fastq.gz,ACEF_contig00001
1.0,0.01307904617450332
0.01307904617450332,1.0
