APTF_contig00515,ACOFG988_contig00521
1.0,0.06843214158374121
0.06843214158374121,1.0
