APTF_contig00515,ACEF_contig00001
1.0,0.05997581620314389
0.05997581620314389,1.0
