ACOFG987_contig02605,APTF_contig00515
1.0,0.061973603726532725
0.061973603726532725,1.0
