ACOFG988_contig00521,CLOF_contig00001
1.0,0.10216611817869246
0.10216611817869246,1.0
