ACOFG987_contig02605,ACEF_contig00001
1.0,0.10258561643835616
0.10258561643835616,1.0
