ACOFG988_contig00521,ACOFG987_contig02605
1.0,0.20976907090642213
0.20976907090642213,1.0
