ACEF_contig00001,ACOFG988_contig00521
1.0,0.11820978799600329
0.11820978799600329,1.0
