ACEF_contig00001,APTF_contig00515
1.0,0.05997581620314389
0.05997581620314389,1.0
