CLOF_contig00001,ACOFG988_contig00521
1.0,0.10216611817869246
0.10216611817869246,1.0
