CLOF_contig00001,ACOFG987_contig02605
1.0,0.07687945913948344
0.07687945913948344,1.0
