CLOF_contig00001,APTF_contig00515
1.0,0.08205095783018271
0.08205095783018271,1.0
