CLOF_contig00001,ACEF_contig00001
1.0,0.08316395049181517
0.08316395049181517,1.0
