intersect_bp,f_orig_query,f_match,f_unique_to_query,f_unique_weighted,average_abund,median_abund,std_abund,name,filename,md5,f_match_orig,unique_intersect_bp,gather_result_rank,remaining_bp,query_filename,query_name,query_md5,query_bp
31000,1.8459797835439835e-05,0.07416267942583732,1.8459797835439835e-05,0.0003783513125660734,233.19354838709677,4.0,525.9661107293853,"GCA_001857805.1 uncultured human fecal virus, ASM185780v1",/home/gotting/projects/fungal_associations_metagenomics/db/sourmash/genbank-2022.03-viral-k31.zip,6d148185545481a0af8705f33ddaae4d,0.07416267942583732,31000,0,53000,AttbisABBM2_FD_11254.5.198435.TTAGGC.fastq.gz,,d5865e8a,1679325000
22000,1.3100501689666979e-05,0.12290502793296089,1.3100501689666979e-05,1.1828385204029961e-05,10.272727272727273,1.5,12.595748987733263,"GCA_002956935.1 Campylobacter phage A18a, ASM295693v1",/home/gotting/projects/fungal_associations_metagenomics/db/sourmash/genbank-2022.03-viral-k31.zip,4d6e8acadae4735629d80bae0a69ee36,0.12290502793296089,22000,1,31000,AttbisABBM2_FD_11254.5.198435.TTAGGC.fastq.gz,,d5865e8a,1679325000
13000,7.741205543894125e-06,0.30952380952380953,7.741205543894125e-06,4.605742911303702e-06,6.769230769230769,6.0,4.593538039025728,"GCA_000903635.1 Enterobacterial phage mEp390, ViralProj183154",/home/gotting/projects/fungal_associations_metagenomics/db/sourmash/genbank-2022.03-viral-k31.zip,0e45af590cf2150e1be978b9b4c93ac0,0.30952380952380953,13000,2,18000,AttbisABBM2_FD_11254.5.198435.TTAGGC.fastq.gz,,d5865e8a,1679325000
10000,5.954773495303173e-06,0.15151515151515152,5.954773495303173e-06,5.757178639129628e-07,1.1,1.0,0.3,"GCA_005891825.1 Klebsiella phage ST13-OXA48phi12.4, ASM589182v1",/home/gotting/projects/fungal_associations_metagenomics/db/sourmash/genbank-2022.03-viral-k31.zip,f858097374c4d624676aa56ccfb129f3,0.15151515151515152,10000,3,8000,AttbisABBM2_FD_11254.5.198435.TTAGGC.fastq.gz,,d5865e8a,1679325000
