intersect_bp,f_orig_query,f_match,f_unique_to_query,f_unique_weighted,average_abund,median_abund,std_abund,name,filename,md5,f_match_orig,unique_intersect_bp,gather_result_rank,remaining_bp,query_filename,query_name,query_md5,query_bp
28000,2.453794179249665e-05,0.06698564593301436,2.453794179249665e-05,0.0025165796382284164,1830.0,4.5,5793.347669032622,"GCA_001857805.1 uncultured human fecal virus, ASM185780v1",/home/gotting/projects/fungal_associations_metagenomics/db/sourmash/genbank-2022.03-viral-k31.zip,6d148185545481a0af8705f33ddaae4d,0.06698564593301436,28000,0,37000,AttbisABBM1_FD_11254.5.198435.CGATGT.fastq.gz,,e225fc0c,1141090000
13000,1.1392615832230587e-05,0.30952380952380953,1.1392615832230587e-05,1.1787258258681107e-06,1.8461538461538463,2.0,0.8634593969478327,"GCA_000903635.1 Enterobacterial phage mEp390, ViralProj183154",/home/gotting/projects/fungal_associations_metagenomics/db/sourmash/genbank-2022.03-viral-k31.zip,0e45af590cf2150e1be978b9b4c93ac0,0.30952380952380953,13000,1,24000,AttbisABBM1_FD_11254.5.198435.CGATGT.fastq.gz,,e225fc0c,1141090000
13000,1.1392615832230587e-05,0.24074074074074073,1.1392615832230587e-05,8.840443694010831e-07,1.3846153846153846,1.0,0.6249260311258431,"GCA_004340085.1 Escherichia phage PHB10, ASM434008v1",/home/gotting/projects/fungal_associations_metagenomics/db/sourmash/genbank-2022.03-viral-k31.zip,b729f0d883bd891d94a69f66f04d8758,0.24074074074074073,13000,2,11000,AttbisABBM1_FD_11254.5.198435.CGATGT.fastq.gz,,e225fc0c,1141090000
22000,1.9279811408390225e-05,0.045081967213114756,9.639905704195113e-06,1.3260665541016246e-06,2.4545454545454546,2.0,1.6713433009863852,"GCA_001857825.1 uncultured human fecal virus, ASM185782v1",/home/gotting/projects/fungal_associations_metagenomics/db/sourmash/genbank-2022.03-viral-k31.zip,34484b9f9af03ab9bc48c34e2c55e8c8,0.09016393442622951,11000,3,0,AttbisABBM1_FD_11254.5.198435.CGATGT.fastq.gz,,e225fc0c,1141090000
