intersect_bp,f_orig_query,f_match,f_unique_to_query,f_unique_weighted,average_abund,median_abund,std_abund,name,filename,md5,f_match_orig,unique_intersect_bp,gather_result_rank,remaining_bp,query_filename,query_name,query_md5,query_bp
23000,1.2846822310573606e-05,0.0942622950819672,1.2846822310573606e-05,0.0006173789296531312,588.7826086956521,3.0,1601.0091642602702,"GCA_001857825.1 uncultured human fecal virus, ASM185782v1",/home/gotting/projects/fungal_associations_metagenomics/db/sourmash/genbank-2022.03-viral-k31.zip,34484b9f9af03ab9bc48c34e2c55e8c8,0.0942622950819672,23000,0,23000,AttlaeALBM1_FD_11231.5.197616.GTCCGC.fastq.gz,,ef480f00,1790326000
22000,1.2288264818809535e-05,0.028708133971291867,6.702689901168837e-06,0.00011575285056781126,211.58333333333334,3.0,489.6167648160027,"GCA_001857805.1 uncultured human fecal virus, ASM185780v1",/home/gotting/projects/fungal_associations_metagenomics/db/sourmash/genbank-2022.03-viral-k31.zip,6d148185545481a0af8705f33ddaae4d,0.05263157894736842,12000,1,11000,AttlaeALBM1_FD_11231.5.197616.GTCCGC.fastq.gz,,ef480f00,1790326000
11000,6.144132409404768e-06,0.061452513966480445,6.144132409404768e-06,1.1169534615641496e-05,22.272727272727273,8.0,38.08385701697316,"GCA_002956935.1 Campylobacter phage A18a, ASM295693v1",/home/gotting/projects/fungal_associations_metagenomics/db/sourmash/genbank-2022.03-viral-k31.zip,4d6e8acadae4735629d80bae0a69ee36,0.061452513966480445,11000,2,0,AttlaeALBM1_FD_11231.5.197616.GTCCGC.fastq.gz,,ef480f00,1790326000
