intersect_bp,f_orig_query,f_match,f_unique_to_query,f_unique_weighted,average_abund,median_abund,std_abund,name,filename,md5,f_match_orig,unique_intersect_bp,gather_result_rank,remaining_bp,query_filename,query_name,query_md5,query_bp
28000,1.6725174912476562e-05,0.06698564593301436,1.6725174912476562e-05,0.0003897244981039573,265.64285714285717,4.0,519.208478241208,"GCA_001857805.1 uncultured human fecal virus, ASM185780v1",/home/gotting/projects/fungal_associations_metagenomics/db/sourmash/genbank-2022.03-viral-k31.zip,6d148185545481a0af8705f33ddaae4d,0.06698564593301436,28000,0,38000,AttsexASBM1_FD_11231.7.197622.GTTTCG.fastq.gz,,fc43bd48,1674123000
16000,9.557242807129464e-06,0.3404255319148936,9.557242807129464e-06,9.955317913384228e-07,1.1875,1.0,0.5266343608235224,"GCA_004521695.1 Klebsiella phage ST846-OXA48phi9.1, ASM452169v1",/home/gotting/projects/fungal_associations_metagenomics/db/sourmash/genbank-2022.03-viral-k31.zip,190a96aef16f12934f6e30afcda77e16,0.3404255319148936,16000,1,22000,AttsexASBM1_FD_11231.7.197622.GTTTCG.fastq.gz,,fc43bd48,1674123000
10000,5.973276754455915e-06,0.055865921787709494,5.973276754455915e-06,1.1841588675920187e-05,22.6,26.5,16.871277367170514,"GCA_002956935.1 Campylobacter phage A18a, ASM295693v1",/home/gotting/projects/fungal_associations_metagenomics/db/sourmash/genbank-2022.03-viral-k31.zip,4d6e8acadae4735629d80bae0a69ee36,0.055865921787709494,10000,2,12000,AttsexASBM1_FD_11231.7.197622.GTTTCG.fastq.gz,,fc43bd48,1674123000
21000,1.2543881184357422e-05,0.040983606557377046,5.973276754455915e-06,3.877334345212805e-06,7.4,1.0,19.200000000000003,"GCA_001857825.1 uncultured human fecal virus, ASM185782v1",/home/gotting/projects/fungal_associations_metagenomics/db/sourmash/genbank-2022.03-viral-k31.zip,34484b9f9af03ab9bc48c34e2c55e8c8,0.0860655737704918,10000,3,2000,AttsexASBM1_FD_11231.7.197622.GTTTCG.fastq.gz,,fc43bd48,1674123000
