intersect_bp,f_orig_query,f_match,f_unique_to_query,f_unique_weighted,average_abund,median_abund,std_abund,name,filename,md5,f_match_orig,unique_intersect_bp,gather_result_rank,remaining_bp,query_filename,query_name,query_md5,query_bp
37000,1.707353201079601e-05,0.20670391061452514,1.707353201079601e-05,5.714261283322776e-06,3.7567567567567566,1.0,9.213402122482359,"GCA_002956935.1 Campylobacter phage A18a, ASM295693v1",/home/gotting/projects/fungal_associations_metagenomics/db/sourmash/genbank-2022.03-viral-k31.zip,4d6e8acadae4735629d80bae0a69ee36,0.20670391061452514,37000,0,35000,AttsexASBM3_FD_11231.8.197625.GAGTGG.fastq.gz,,8791a5aa,2167097000
27000,1.2459063899770062e-05,0.0645933014354067,1.2459063899770062e-05,0.0019505363676965164,1757.2962962962963,7.0,6017.450800333204,"GCA_001857805.1 uncultured human fecal virus, ASM185780v1",/home/gotting/projects/fungal_associations_metagenomics/db/sourmash/genbank-2022.03-viral-k31.zip,6d148185545481a0af8705f33ddaae4d,0.0645933014354067,27000,1,8000,AttsexASBM3_FD_11231.8.197625.GAGTGG.fastq.gz,,8791a5aa,2167097000
